{"cameraMode":{"drawMode":0,"name":"Shaded","section":"Shading Mode"},"sceneLighting":true,"audioPlay":false,"sceneViewState":{"showFog":true,"showMaterialUpdate":false,"showSkybox":false,"showFlares":true,"showImageEffects":true,"showParticleSystems":true},"in2DMode":false,"pivot":{"x":-21.23768424987793,"y":-4.852705955505371,"z":1.9252185821533204},"rotation":{"x":-0.583101749420166,"y":-0.1378968358039856,"z":0.10121990740299225,"w":-0.7941991090774536},"size":6.419437408447266,"orthographic":false}