{"cameraMode":{"drawMode":0,"name":"Shaded","section":"Shading Mode"},"sceneLighting":true,"audioPlay":false,"sceneViewState":{"showFog":true,"showMaterialUpdate":false,"showSkybox":true,"showFlares":true,"showImageEffects":true,"showParticleSystems":true},"in2DMode":false,"pivot":{"x":-5.300000190734863,"y":0.6873300075531006,"z":-2.165771007537842},"rotation":{"x":-0.004034053068608046,"y":0.9914413690567017,"z":-0.031546588987112048,"w":-0.12679322063922883},"size":1.7538739442825318,"orthographic":false}